image_path,image_name,label
C:\Users\Brandon\Desktop\Classes\E208\Homework\E208_Final\Automatic Data Cleaning\Cropped_Data_400\Algae\420041461011010173.jpg,420041461011010173.jpg,Algae
C:\Users\Brandon\Desktop\Classes\E208\Homework\E208_Final\Automatic Data Cleaning\Cropped_Data_400\Algae\420041461011091120.jpg,420041461011091120.jpg,Algae
C:\Users\Brandon\Desktop\Classes\E208\Homework\E208_Final\Automatic Data Cleaning\Cropped_Data_400\Algae\420041461011243323.jpg,420041461011243323.jpg,Algae
C:\Users\Brandon\Desktop\Classes\E208\Homework\E208_Final\Automatic Data Cleaning\Cropped_Data_400\Algae\420041461011253896.jpg,420041461011253896.jpg,Algae
C:\Users\Brandon\Desktop\Classes\E208\Homework\E208_Final\Automatic Data Cleaning\Cropped_Data_400\Algae\420041461011399166.jpg,420041461011399166.jpg,Algae
C:\Users\Brandon\Desktop\Classes\E208\Homework\E208_Final\Automatic Data Cleaning\Cropped_Data_400\Algae\4200414610114801502.jpg,4200414610114801502.jpg,Algae
C:\Users\Brandon\Desktop\Classes\E208\Homework\E208_Final\Automatic Data Cleaning\Cropped_Data_400\Algae\4200414610116111778.jpg,4200414610116111778.jpg,Algae
C:\Users\Brandon\Desktop\Classes\E208\Homework\E208_Final\Automatic Data Cleaning\Cropped_Data_400\Algae\4200414610116611504.jpg,4200414610116611504.jpg,Algae
C:\Users\Brandon\Desktop\Classes\E208\Homework\E208_Final\Automatic Data Cleaning\Cropped_Data_400\Algae\42004146101311474.jpg,42004146101311474.jpg,Algae
C:\Users\Brandon\Desktop\Classes\E208\Homework\E208_Final\Automatic Data Cleaning\Cropped_Data_400\Algae\42004146101399487.jpg,42004146101399487.jpg,Algae
C:\Users\Brandon\Desktop\Classes\E208\Homework\E208_Final\Automatic Data Cleaning\Cropped_Data_400\Algae\420041461017301695.jpg,420041461017301695.jpg,Algae
C:\Users\Brandon\Desktop\Classes\E208\Homework\E208_Final\Automatic Data Cleaning\Cropped_Data_400\Algae\420041462011017277.jpg,420041462011017277.jpg,Algae
C:\Users\Brandon\Desktop\Classes\E208\Homework\E208_Final\Automatic Data Cleaning\Cropped_Data_400\Algae\42004146201108163.jpg,42004146201108163.jpg,Algae
C:\Users\Brandon\Desktop\Classes\E208\Homework\E208_Final\Automatic Data Cleaning\Cropped_Data_400\Algae\4200414620112521391.jpg,4200414620112521391.jpg,Algae
C:\Users\Brandon\Desktop\Classes\E208\Homework\E208_Final\Automatic Data Cleaning\Cropped_Data_400\Algae\4200414620112771315.jpg,4200414620112771315.jpg,Algae
C:\Users\Brandon\Desktop\Classes\E208\Homework\E208_Final\Automatic Data Cleaning\Cropped_Data_400\Algae\4200414620116941414.jpg,4200414620116941414.jpg,Algae
C:\Users\Brandon\Desktop\Classes\E208\Homework\E208_Final\Automatic Data Cleaning\Cropped_Data_400\Algae\4200414620117461067.jpg,4200414620117461067.jpg,Algae
C:\Users\Brandon\Desktop\Classes\E208\Homework\E208_Final\Automatic Data Cleaning\Cropped_Data_400\Algae\4200414620117741752.jpg,4200414620117741752.jpg,Algae
C:\Users\Brandon\Desktop\Classes\E208\Homework\E208_Final\Automatic Data Cleaning\Cropped_Data_400\Algae\4200414620118421519.jpg,4200414620118421519.jpg,Algae
C:\Users\Brandon\Desktop\Classes\E208\Homework\E208_Final\Automatic Data Cleaning\Cropped_Data_400\Algae\4200414620118621670.jpg,4200414620118621670.jpg,Algae
C:\Users\Brandon\Desktop\Classes\E208\Homework\E208_Final\Automatic Data Cleaning\Cropped_Data_400\Algae\420041462012701196.jpg,420041462012701196.jpg,Algae
C:\Users\Brandon\Desktop\Classes\E208\Homework\E208_Final\Automatic Data Cleaning\Cropped_Data_400\Algae\42004146201591304.jpg,42004146201591304.jpg,Algae
C:\Users\Brandon\Desktop\Classes\E208\Homework\E208_Final\Automatic Data Cleaning\Cropped_Data_400\Algae\42004146201609184.jpg,42004146201609184.jpg,Algae
C:\Users\Brandon\Desktop\Classes\E208\Homework\E208_Final\Automatic Data Cleaning\Cropped_Data_400\Algae\42004146201710601.jpg,42004146201710601.jpg,Algae
C:\Users\Brandon\Desktop\Classes\E208\Homework\E208_Final\Automatic Data Cleaning\Cropped_Data_400\Algae\42004146201797147.jpg,42004146201797147.jpg,Algae
C:\Users\Brandon\Desktop\Classes\E208\Homework\E208_Final\Automatic Data Cleaning\Cropped_Data_400\Algae\42004146201898418.jpg,42004146201898418.jpg,Algae
C:\Users\Brandon\Desktop\Classes\E208\Homework\E208_Final\Automatic Data Cleaning\Cropped_Data_400\Algae\42004146201946448.jpg,42004146201946448.jpg,Algae
C:\Users\Brandon\Desktop\Classes\E208\Homework\E208_Final\Automatic Data Cleaning\Cropped_Data_400\Algae\42004146201955151.jpg,42004146201955151.jpg,Algae
C:\Users\Brandon\Desktop\Classes\E208\Homework\E208_Final\Automatic Data Cleaning\Cropped_Data_400\Algae\42004146201961799.jpg,42004146201961799.jpg,Algae
C:\Users\Brandon\Desktop\Classes\E208\Homework\E208_Final\Automatic Data Cleaning\Cropped_Data_400\Algae\4200414630110221070.jpg,4200414630110221070.jpg,Algae
C:\Users\Brandon\Desktop\Classes\E208\Homework\E208_Final\Automatic Data Cleaning\Cropped_Data_400\Algae\4200414630110341195.jpg,4200414630110341195.jpg,Algae
C:\Users\Brandon\Desktop\Classes\E208\Homework\E208_Final\Automatic Data Cleaning\Cropped_Data_400\Algae\420041463011274464.jpg,420041463011274464.jpg,Algae
C:\Users\Brandon\Desktop\Classes\E208\Homework\E208_Final\Automatic Data Cleaning\Cropped_Data_400\Algae\420041463011313674.jpg,420041463011313674.jpg,Algae
C:\Users\Brandon\Desktop\Classes\E208\Homework\E208_Final\Automatic Data Cleaning\Cropped_Data_400\Algae\42004146301171770.jpg,42004146301171770.jpg,Algae
C:\Users\Brandon\Desktop\Classes\E208\Homework\E208_Final\Automatic Data Cleaning\Cropped_Data_400\Algae\42004146301209863.jpg,42004146301209863.jpg,Algae
C:\Users\Brandon\Desktop\Classes\E208\Homework\E208_Final\Automatic Data Cleaning\Cropped_Data_400\Algae\42004146301272838.jpg,42004146301272838.jpg,Algae
C:\Users\Brandon\Desktop\Classes\E208\Homework\E208_Final\Automatic Data Cleaning\Cropped_Data_400\Algae\42004146301312988.jpg,42004146301312988.jpg,Algae
C:\Users\Brandon\Desktop\Classes\E208\Homework\E208_Final\Automatic Data Cleaning\Cropped_Data_400\Algae\42004146301326633.jpg,42004146301326633.jpg,Algae
C:\Users\Brandon\Desktop\Classes\E208\Homework\E208_Final\Automatic Data Cleaning\Cropped_Data_400\Algae\42004146301362813.jpg,42004146301362813.jpg,Algae
C:\Users\Brandon\Desktop\Classes\E208\Homework\E208_Final\Automatic Data Cleaning\Cropped_Data_400\Algae\420041463014201014.jpg,420041463014201014.jpg,Algae
C:\Users\Brandon\Desktop\Classes\E208\Homework\E208_Final\Automatic Data Cleaning\Cropped_Data_400\Algae\420041463016291249.jpg,420041463016291249.jpg,Algae
C:\Users\Brandon\Desktop\Classes\E208\Homework\E208_Final\Automatic Data Cleaning\Cropped_Data_400\Algae\42004146301701018.jpg,42004146301701018.jpg,Algae
C:\Users\Brandon\Desktop\Classes\E208\Homework\E208_Final\Automatic Data Cleaning\Cropped_Data_400\Algae\42004146301730829.jpg,42004146301730829.jpg,Algae
C:\Users\Brandon\Desktop\Classes\E208\Homework\E208_Final\Automatic Data Cleaning\Cropped_Data_400\Algae\4200414630177771.jpg,4200414630177771.jpg,Algae
C:\Users\Brandon\Desktop\Classes\E208\Homework\E208_Final\Automatic Data Cleaning\Cropped_Data_400\Algae\42004146301990205.jpg,42004146301990205.jpg,Algae
C:\Users\Brandon\Desktop\Classes\E208\Homework\E208_Final\Automatic Data Cleaning\Cropped_Data_400\Algae\42004146401138156.jpg,42004146401138156.jpg,Algae
C:\Users\Brandon\Desktop\Classes\E208\Homework\E208_Final\Automatic Data Cleaning\Cropped_Data_400\Algae\42004146401376191.jpg,42004146401376191.jpg,Algae
C:\Users\Brandon\Desktop\Classes\E208\Homework\E208_Final\Automatic Data Cleaning\Cropped_Data_400\Algae\42004146401426372.jpg,42004146401426372.jpg,Algae
C:\Users\Brandon\Desktop\Classes\E208\Homework\E208_Final\Automatic Data Cleaning\Cropped_Data_400\Algae\42004146401455504.jpg,42004146401455504.jpg,Algae
C:\Users\Brandon\Desktop\Classes\E208\Homework\E208_Final\Automatic Data Cleaning\Cropped_Data_400\Algae\42004146401498551.jpg,42004146401498551.jpg,Algae
C:\Users\Brandon\Desktop\Classes\E208\Homework\E208_Final\Automatic Data Cleaning\Cropped_Data_400\Algae\42004146401518352.jpg,42004146401518352.jpg,Algae
C:\Users\Brandon\Desktop\Classes\E208\Homework\E208_Final\Automatic Data Cleaning\Cropped_Data_400\Algae\42004146401553354.jpg,42004146401553354.jpg,Algae
C:\Users\Brandon\Desktop\Classes\E208\Homework\E208_Final\Automatic Data Cleaning\Cropped_Data_400\Algae\42004146401569683.jpg,42004146401569683.jpg,Algae
C:\Users\Brandon\Desktop\Classes\E208\Homework\E208_Final\Automatic Data Cleaning\Cropped_Data_400\Algae\42004146401643293.jpg,42004146401643293.jpg,Algae
C:\Users\Brandon\Desktop\Classes\E208\Homework\E208_Final\Automatic Data Cleaning\Cropped_Data_400\Algae\42004146501123192.jpg,42004146501123192.jpg,Algae
C:\Users\Brandon\Desktop\Classes\E208\Homework\E208_Final\Automatic Data Cleaning\Cropped_Data_400\Algae\42004146501129240.jpg,42004146501129240.jpg,Algae
C:\Users\Brandon\Desktop\Classes\E208\Homework\E208_Final\Automatic Data Cleaning\Cropped_Data_400\Algae\42004146501171217.jpg,42004146501171217.jpg,Algae
C:\Users\Brandon\Desktop\Classes\E208\Homework\E208_Final\Automatic Data Cleaning\Cropped_Data_400\Algae\42004146501172273.jpg,42004146501172273.jpg,Algae
C:\Users\Brandon\Desktop\Classes\E208\Homework\E208_Final\Automatic Data Cleaning\Cropped_Data_400\Algae\42004146501206252.jpg,42004146501206252.jpg,Algae
C:\Users\Brandon\Desktop\Classes\E208\Homework\E208_Final\Automatic Data Cleaning\Cropped_Data_400\Algae\4200414650120754.jpg,4200414650120754.jpg,Algae
C:\Users\Brandon\Desktop\Classes\E208\Homework\E208_Final\Automatic Data Cleaning\Cropped_Data_400\Algae\42004146501275112.jpg,42004146501275112.jpg,Algae
C:\Users\Brandon\Desktop\Classes\E208\Homework\E208_Final\Automatic Data Cleaning\Cropped_Data_400\Algae\42004146501319138.jpg,42004146501319138.jpg,Algae
C:\Users\Brandon\Desktop\Classes\E208\Homework\E208_Final\Automatic Data Cleaning\Cropped_Data_400\Algae\42004146501546399.jpg,42004146501546399.jpg,Algae
C:\Users\Brandon\Desktop\Classes\E208\Homework\E208_Final\Automatic Data Cleaning\Cropped_Data_400\Algae\4200414650158208.jpg,4200414650158208.jpg,Algae
C:\Users\Brandon\Desktop\Classes\E208\Homework\E208_Final\Automatic Data Cleaning\Cropped_Data_400\Algae\42004146601113449.jpg,42004146601113449.jpg,Algae
C:\Users\Brandon\Desktop\Classes\E208\Homework\E208_Final\Automatic Data Cleaning\Cropped_Data_400\Algae\420041466011161194.jpg,420041466011161194.jpg,Algae
C:\Users\Brandon\Desktop\Classes\E208\Homework\E208_Final\Automatic Data Cleaning\Cropped_Data_400\Algae\420041466011175455.jpg,420041466011175455.jpg,Algae
C:\Users\Brandon\Desktop\Classes\E208\Homework\E208_Final\Automatic Data Cleaning\Cropped_Data_400\Algae\42004146601124266.jpg,42004146601124266.jpg,Algae
C:\Users\Brandon\Desktop\Classes\E208\Homework\E208_Final\Automatic Data Cleaning\Cropped_Data_400\Algae\42004146601212709.jpg,42004146601212709.jpg,Algae
C:\Users\Brandon\Desktop\Classes\E208\Homework\E208_Final\Automatic Data Cleaning\Cropped_Data_400\Algae\42004146601224512.jpg,42004146601224512.jpg,Algae
C:\Users\Brandon\Desktop\Classes\E208\Homework\E208_Final\Automatic Data Cleaning\Cropped_Data_400\Algae\42004146601411533.jpg,42004146601411533.jpg,Algae
C:\Users\Brandon\Desktop\Classes\E208\Homework\E208_Final\Automatic Data Cleaning\Cropped_Data_400\Algae\42004146601421623.jpg,42004146601421623.jpg,Algae
C:\Users\Brandon\Desktop\Classes\E208\Homework\E208_Final\Automatic Data Cleaning\Cropped_Data_400\Algae\42004146601486452.jpg,42004146601486452.jpg,Algae
C:\Users\Brandon\Desktop\Classes\E208\Homework\E208_Final\Automatic Data Cleaning\Cropped_Data_400\Algae\42004146601498891.jpg,42004146601498891.jpg,Algae
C:\Users\Brandon\Desktop\Classes\E208\Homework\E208_Final\Automatic Data Cleaning\Cropped_Data_400\Algae\42004146601683969.jpg,42004146601683969.jpg,Algae
C:\Users\Brandon\Desktop\Classes\E208\Homework\E208_Final\Automatic Data Cleaning\Cropped_Data_400\Algae\42004146601722972.jpg,42004146601722972.jpg,Algae
C:\Users\Brandon\Desktop\Classes\E208\Homework\E208_Final\Automatic Data Cleaning\Cropped_Data_400\Algae\42004146601743544.jpg,42004146601743544.jpg,Algae
C:\Users\Brandon\Desktop\Classes\E208\Homework\E208_Final\Automatic Data Cleaning\Cropped_Data_400\Algae\42004146601796442.jpg,42004146601796442.jpg,Algae
C:\Users\Brandon\Desktop\Classes\E208\Homework\E208_Final\Automatic Data Cleaning\Cropped_Data_400\Algae\420041466018281173.jpg,420041466018281173.jpg,Algae
C:\Users\Brandon\Desktop\Classes\E208\Homework\E208_Final\Automatic Data Cleaning\Cropped_Data_400\Algae\42004146601925305.jpg,42004146601925305.jpg,Algae
C:\Users\Brandon\Desktop\Classes\E208\Homework\E208_Final\Automatic Data Cleaning\Cropped_Data_400\Algae\42004146601981384.jpg,42004146601981384.jpg,Algae
C:\Users\Brandon\Desktop\Classes\E208\Homework\E208_Final\Automatic Data Cleaning\Cropped_Data_400\Algae\420041467011278581.jpg,420041467011278581.jpg,Algae
C:\Users\Brandon\Desktop\Classes\E208\Homework\E208_Final\Automatic Data Cleaning\Cropped_Data_400\Algae\4200414670113491698.jpg,4200414670113491698.jpg,Algae
C:\Users\Brandon\Desktop\Classes\E208\Homework\E208_Final\Automatic Data Cleaning\Cropped_Data_400\Algae\420041467011366635.jpg,420041467011366635.jpg,Algae
C:\Users\Brandon\Desktop\Classes\E208\Homework\E208_Final\Automatic Data Cleaning\Cropped_Data_400\Algae\420041467011457374.jpg,420041467011457374.jpg,Algae
C:\Users\Brandon\Desktop\Classes\E208\Homework\E208_Final\Automatic Data Cleaning\Cropped_Data_400\Algae\420041467011606685.jpg,420041467011606685.jpg,Algae
C:\Users\Brandon\Desktop\Classes\E208\Homework\E208_Final\Automatic Data Cleaning\Cropped_Data_400\Algae\420041467011618713.jpg,420041467011618713.jpg,Algae
C:\Users\Brandon\Desktop\Classes\E208\Homework\E208_Final\Automatic Data Cleaning\Cropped_Data_400\Algae\420041467011619760.jpg,420041467011619760.jpg,Algae
C:\Users\Brandon\Desktop\Classes\E208\Homework\E208_Final\Automatic Data Cleaning\Cropped_Data_400\Algae\4200414670119331177.jpg,4200414670119331177.jpg,Algae
C:\Users\Brandon\Desktop\Classes\E208\Homework\E208_Final\Automatic Data Cleaning\Cropped_Data_400\Algae\420041467011962984.jpg,420041467011962984.jpg,Algae
C:\Users\Brandon\Desktop\Classes\E208\Homework\E208_Final\Automatic Data Cleaning\Cropped_Data_400\Algae\420041467012841740.jpg,420041467012841740.jpg,Algae
C:\Users\Brandon\Desktop\Classes\E208\Homework\E208_Final\Automatic Data Cleaning\Cropped_Data_400\Algae\42004146701316360.jpg,42004146701316360.jpg,Algae
C:\Users\Brandon\Desktop\Classes\E208\Homework\E208_Final\Automatic Data Cleaning\Cropped_Data_400\Algae\420041467013411047.jpg,420041467013411047.jpg,Algae
C:\Users\Brandon\Desktop\Classes\E208\Homework\E208_Final\Automatic Data Cleaning\Cropped_Data_400\Algae\42004146701347794.jpg,42004146701347794.jpg,Algae
C:\Users\Brandon\Desktop\Classes\E208\Homework\E208_Final\Automatic Data Cleaning\Cropped_Data_400\Algae\42004146701358950.jpg,42004146701358950.jpg,Algae
C:\Users\Brandon\Desktop\Classes\E208\Homework\E208_Final\Automatic Data Cleaning\Cropped_Data_400\Algae\420041467013851028.jpg,420041467013851028.jpg,Algae
C:\Users\Brandon\Desktop\Classes\E208\Homework\E208_Final\Automatic Data Cleaning\Cropped_Data_400\Algae\420041467014221178.jpg,420041467014221178.jpg,Algae
C:\Users\Brandon\Desktop\Classes\E208\Homework\E208_Final\Automatic Data Cleaning\Cropped_Data_400\Algae\42004146701508723.jpg,42004146701508723.jpg,Algae
C:\Users\Brandon\Desktop\Classes\E208\Homework\E208_Final\Automatic Data Cleaning\Cropped_Data_400\Algae\42004146701538544.jpg,42004146701538544.jpg,Algae
C:\Users\Brandon\Desktop\Classes\E208\Homework\E208_Final\Automatic Data Cleaning\Cropped_Data_400\Algae\42004146701547405.jpg,42004146701547405.jpg,Algae
C:\Users\Brandon\Desktop\Classes\E208\Homework\E208_Final\Automatic Data Cleaning\Cropped_Data_400\Algae\42004146701783349.jpg,42004146701783349.jpg,Algae
C:\Users\Brandon\Desktop\Classes\E208\Homework\E208_Final\Automatic Data Cleaning\Cropped_Data_400\Algae\420041468011008909.jpg,420041468011008909.jpg,Algae
C:\Users\Brandon\Desktop\Classes\E208\Homework\E208_Final\Automatic Data Cleaning\Cropped_Data_400\Algae\4200414680110601306.jpg,4200414680110601306.jpg,Algae
C:\Users\Brandon\Desktop\Classes\E208\Homework\E208_Final\Automatic Data Cleaning\Cropped_Data_400\Algae\4200414680111321117.jpg,4200414680111321117.jpg,Algae
C:\Users\Brandon\Desktop\Classes\E208\Homework\E208_Final\Automatic Data Cleaning\Cropped_Data_400\Algae\4200414680112141249.jpg,4200414680112141249.jpg,Algae
C:\Users\Brandon\Desktop\Classes\E208\Homework\E208_Final\Automatic Data Cleaning\Cropped_Data_400\Algae\420041468012181351.jpg,420041468012181351.jpg,Algae
C:\Users\Brandon\Desktop\Classes\E208\Homework\E208_Final\Automatic Data Cleaning\Cropped_Data_400\Algae\42004146801225523.jpg,42004146801225523.jpg,Algae
C:\Users\Brandon\Desktop\Classes\E208\Homework\E208_Final\Automatic Data Cleaning\Cropped_Data_400\Algae\420041468012341410.jpg,420041468012341410.jpg,Algae
C:\Users\Brandon\Desktop\Classes\E208\Homework\E208_Final\Automatic Data Cleaning\Cropped_Data_400\Algae\42004146801367279.jpg,42004146801367279.jpg,Algae
C:\Users\Brandon\Desktop\Classes\E208\Homework\E208_Final\Automatic Data Cleaning\Cropped_Data_400\Algae\42004146801383857.jpg,42004146801383857.jpg,Algae
C:\Users\Brandon\Desktop\Classes\E208\Homework\E208_Final\Automatic Data Cleaning\Cropped_Data_400\Algae\420041468018381037.jpg,420041468018381037.jpg,Algae
C:\Users\Brandon\Desktop\Classes\E208\Homework\E208_Final\Automatic Data Cleaning\Cropped_Data_400\Hard Coral\420041461011041508.jpg,420041461011041508.jpg,Hard Coral
C:\Users\Brandon\Desktop\Classes\E208\Homework\E208_Final\Automatic Data Cleaning\Cropped_Data_400\Hard Coral\420041461011047688.jpg,420041461011047688.jpg,Hard Coral
C:\Users\Brandon\Desktop\Classes\E208\Homework\E208_Final\Automatic Data Cleaning\Cropped_Data_400\Hard Coral\4200414610110791844.jpg,4200414610110791844.jpg,Hard Coral
C:\Users\Brandon\Desktop\Classes\E208\Homework\E208_Final\Automatic Data Cleaning\Cropped_Data_400\Hard Coral\420041461011113280.jpg,420041461011113280.jpg,Hard Coral
C:\Users\Brandon\Desktop\Classes\E208\Homework\E208_Final\Automatic Data Cleaning\Cropped_Data_400\Hard Coral\420041461011129796.jpg,420041461011129796.jpg,Hard Coral
C:\Users\Brandon\Desktop\Classes\E208\Homework\E208_Final\Automatic Data Cleaning\Cropped_Data_400\Hard Coral\420041461011130478.jpg,420041461011130478.jpg,Hard Coral
C:\Users\Brandon\Desktop\Classes\E208\Homework\E208_Final\Automatic Data Cleaning\Cropped_Data_400\Hard Coral\420041461011141195.jpg,420041461011141195.jpg,Hard Coral
C:\Users\Brandon\Desktop\Classes\E208\Homework\E208_Final\Automatic Data Cleaning\Cropped_Data_400\Hard Coral\420041461011141369.jpg,420041461011141369.jpg,Hard Coral
C:\Users\Brandon\Desktop\Classes\E208\Homework\E208_Final\Automatic Data Cleaning\Cropped_Data_400\Hard Coral\4200414610111711183.jpg,4200414610111711183.jpg,Hard Coral
C:\Users\Brandon\Desktop\Classes\E208\Homework\E208_Final\Automatic Data Cleaning\Cropped_Data_400\Hard Coral\4200414610113651390.jpg,4200414610113651390.jpg,Hard Coral
C:\Users\Brandon\Desktop\Classes\E208\Homework\E208_Final\Automatic Data Cleaning\Cropped_Data_400\Hard Coral\4200414610113781259.jpg,4200414610113781259.jpg,Hard Coral
C:\Users\Brandon\Desktop\Classes\E208\Homework\E208_Final\Automatic Data Cleaning\Cropped_Data_400\Hard Coral\420041461011419622.jpg,420041461011419622.jpg,Hard Coral
C:\Users\Brandon\Desktop\Classes\E208\Homework\E208_Final\Automatic Data Cleaning\Cropped_Data_400\Hard Coral\4200414610115731078.jpg,4200414610115731078.jpg,Hard Coral
C:\Users\Brandon\Desktop\Classes\E208\Homework\E208_Final\Automatic Data Cleaning\Cropped_Data_400\Hard Coral\420041461011620924.jpg,420041461011620924.jpg,Hard Coral
C:\Users\Brandon\Desktop\Classes\E208\Homework\E208_Final\Automatic Data Cleaning\Cropped_Data_400\Hard Coral\42004146101206750.jpg,42004146101206750.jpg,Hard Coral
C:\Users\Brandon\Desktop\Classes\E208\Homework\E208_Final\Automatic Data Cleaning\Cropped_Data_400\Hard Coral\420041461012781603.jpg,420041461012781603.jpg,Hard Coral
C:\Users\Brandon\Desktop\Classes\E208\Homework\E208_Final\Automatic Data Cleaning\Cropped_Data_400\Hard Coral\420041461013471298.jpg,420041461013471298.jpg,Hard Coral
C:\Users\Brandon\Desktop\Classes\E208\Homework\E208_Final\Automatic Data Cleaning\Cropped_Data_400\Hard Coral\42004146101369619.jpg,42004146101369619.jpg,Hard Coral
C:\Users\Brandon\Desktop\Classes\E208\Homework\E208_Final\Automatic Data Cleaning\Cropped_Data_400\Hard Coral\420041461015001494.jpg,420041461015001494.jpg,Hard Coral
C:\Users\Brandon\Desktop\Classes\E208\Homework\E208_Final\Automatic Data Cleaning\Cropped_Data_400\Hard Coral\42004146101556558.jpg,42004146101556558.jpg,Hard Coral
C:\Users\Brandon\Desktop\Classes\E208\Homework\E208_Final\Automatic Data Cleaning\Cropped_Data_400\Hard Coral\42004146101618998.jpg,42004146101618998.jpg,Hard Coral
C:\Users\Brandon\Desktop\Classes\E208\Homework\E208_Final\Automatic Data Cleaning\Cropped_Data_400\Hard Coral\420041461016451397.jpg,420041461016451397.jpg,Hard Coral
C:\Users\Brandon\Desktop\Classes\E208\Homework\E208_Final\Automatic Data Cleaning\Cropped_Data_400\Hard Coral\42004146101683227.jpg,42004146101683227.jpg,Hard Coral
C:\Users\Brandon\Desktop\Classes\E208\Homework\E208_Final\Automatic Data Cleaning\Cropped_Data_400\Hard Coral\420041461016961234.jpg,420041461016961234.jpg,Hard Coral
C:\Users\Brandon\Desktop\Classes\E208\Homework\E208_Final\Automatic Data Cleaning\Cropped_Data_400\Hard Coral\42004146101791750.jpg,42004146101791750.jpg,Hard Coral
C:\Users\Brandon\Desktop\Classes\E208\Homework\E208_Final\Automatic Data Cleaning\Cropped_Data_400\Hard Coral\420041461018051542.jpg,420041461018051542.jpg,Hard Coral
C:\Users\Brandon\Desktop\Classes\E208\Homework\E208_Final\Automatic Data Cleaning\Cropped_Data_400\Hard Coral\420041461018381322.jpg,420041461018381322.jpg,Hard Coral
C:\Users\Brandon\Desktop\Classes\E208\Homework\E208_Final\Automatic Data Cleaning\Cropped_Data_400\Hard Coral\420041461018691266.jpg,420041461018691266.jpg,Hard Coral
C:\Users\Brandon\Desktop\Classes\E208\Homework\E208_Final\Automatic Data Cleaning\Cropped_Data_400\Hard Coral\420041461019101815.jpg,420041461019101815.jpg,Hard Coral
C:\Users\Brandon\Desktop\Classes\E208\Homework\E208_Final\Automatic Data Cleaning\Cropped_Data_400\Hard Coral\420041462011071766.jpg,420041462011071766.jpg,Hard Coral
C:\Users\Brandon\Desktop\Classes\E208\Homework\E208_Final\Automatic Data Cleaning\Cropped_Data_400\Hard Coral\420041462011163174.jpg,420041462011163174.jpg,Hard Coral
C:\Users\Brandon\Desktop\Classes\E208\Homework\E208_Final\Automatic Data Cleaning\Cropped_Data_400\Hard Coral\4200414620112471449.jpg,4200414620112471449.jpg,Hard Coral
C:\Users\Brandon\Desktop\Classes\E208\Homework\E208_Final\Automatic Data Cleaning\Cropped_Data_400\Hard Coral\4200414620112601784.jpg,4200414620112601784.jpg,Hard Coral
C:\Users\Brandon\Desktop\Classes\E208\Homework\E208_Final\Automatic Data Cleaning\Cropped_Data_400\Hard Coral\4200414620112641836.jpg,4200414620112641836.jpg,Hard Coral
C:\Users\Brandon\Desktop\Classes\E208\Homework\E208_Final\Automatic Data Cleaning\Cropped_Data_400\Hard Coral\4200414620112871152.jpg,4200414620112871152.jpg,Hard Coral
C:\Users\Brandon\Desktop\Classes\E208\Homework\E208_Final\Automatic Data Cleaning\Cropped_Data_400\Hard Coral\420041462011361394.jpg,420041462011361394.jpg,Hard Coral
C:\Users\Brandon\Desktop\Classes\E208\Homework\E208_Final\Automatic Data Cleaning\Cropped_Data_400\Hard Coral\4200414620113711484.jpg,4200414620113711484.jpg,Hard Coral
C:\Users\Brandon\Desktop\Classes\E208\Homework\E208_Final\Automatic Data Cleaning\Cropped_Data_400\Hard Coral\42004146201141845.jpg,42004146201141845.jpg,Hard Coral
C:\Users\Brandon\Desktop\Classes\E208\Homework\E208_Final\Automatic Data Cleaning\Cropped_Data_400\Hard Coral\4200414620115181679.jpg,4200414620115181679.jpg,Hard Coral
C:\Users\Brandon\Desktop\Classes\E208\Homework\E208_Final\Automatic Data Cleaning\Cropped_Data_400\Hard Coral\420041462011635886.jpg,420041462011635886.jpg,Hard Coral
C:\Users\Brandon\Desktop\Classes\E208\Homework\E208_Final\Automatic Data Cleaning\Cropped_Data_400\Hard Coral\4200414620116901341.jpg,4200414620116901341.jpg,Hard Coral
C:\Users\Brandon\Desktop\Classes\E208\Homework\E208_Final\Automatic Data Cleaning\Cropped_Data_400\Hard Coral\420041462011791209.jpg,420041462011791209.jpg,Hard Coral
C:\Users\Brandon\Desktop\Classes\E208\Homework\E208_Final\Automatic Data Cleaning\Cropped_Data_400\Hard Coral\42004146201250868.jpg,42004146201250868.jpg,Hard Coral
C:\Users\Brandon\Desktop\Classes\E208\Homework\E208_Final\Automatic Data Cleaning\Cropped_Data_400\Hard Coral\42004146201328792.jpg,42004146201328792.jpg,Hard Coral
C:\Users\Brandon\Desktop\Classes\E208\Homework\E208_Final\Automatic Data Cleaning\Cropped_Data_400\Hard Coral\420041462013301839.jpg,420041462013301839.jpg,Hard Coral
C:\Users\Brandon\Desktop\Classes\E208\Homework\E208_Final\Automatic Data Cleaning\Cropped_Data_400\Hard Coral\420041462013601547.jpg,420041462013601547.jpg,Hard Coral
C:\Users\Brandon\Desktop\Classes\E208\Homework\E208_Final\Automatic Data Cleaning\Cropped_Data_400\Hard Coral\420041462013601639.jpg,420041462013601639.jpg,Hard Coral
C:\Users\Brandon\Desktop\Classes\E208\Homework\E208_Final\Automatic Data Cleaning\Cropped_Data_400\Hard Coral\420041462013851704.jpg,420041462013851704.jpg,Hard Coral
C:\Users\Brandon\Desktop\Classes\E208\Homework\E208_Final\Automatic Data Cleaning\Cropped_Data_400\Hard Coral\420041462014121853.jpg,420041462014121853.jpg,Hard Coral
C:\Users\Brandon\Desktop\Classes\E208\Homework\E208_Final\Automatic Data Cleaning\Cropped_Data_400\Hard Coral\420041462014151610.jpg,420041462014151610.jpg,Hard Coral
C:\Users\Brandon\Desktop\Classes\E208\Homework\E208_Final\Automatic Data Cleaning\Cropped_Data_400\Hard Coral\420041462014741636.jpg,420041462014741636.jpg,Hard Coral
C:\Users\Brandon\Desktop\Classes\E208\Homework\E208_Final\Automatic Data Cleaning\Cropped_Data_400\Hard Coral\420041462016161223.jpg,420041462016161223.jpg,Hard Coral
C:\Users\Brandon\Desktop\Classes\E208\Homework\E208_Final\Automatic Data Cleaning\Cropped_Data_400\Hard Coral\42004146201651791.jpg,42004146201651791.jpg,Hard Coral
C:\Users\Brandon\Desktop\Classes\E208\Homework\E208_Final\Automatic Data Cleaning\Cropped_Data_400\Hard Coral\420041462016841625.jpg,420041462016841625.jpg,Hard Coral
C:\Users\Brandon\Desktop\Classes\E208\Homework\E208_Final\Automatic Data Cleaning\Cropped_Data_400\Hard Coral\42004146201685687.jpg,42004146201685687.jpg,Hard Coral
C:\Users\Brandon\Desktop\Classes\E208\Homework\E208_Final\Automatic Data Cleaning\Cropped_Data_400\Hard Coral\420041462016861769.jpg,420041462016861769.jpg,Hard Coral
C:\Users\Brandon\Desktop\Classes\E208\Homework\E208_Final\Automatic Data Cleaning\Cropped_Data_400\Hard Coral\420041462019951537.jpg,420041462019951537.jpg,Hard Coral
C:\Users\Brandon\Desktop\Classes\E208\Homework\E208_Final\Automatic Data Cleaning\Cropped_Data_400\Hard Coral\4200414630110111118.jpg,4200414630110111118.jpg,Hard Coral
C:\Users\Brandon\Desktop\Classes\E208\Homework\E208_Final\Automatic Data Cleaning\Cropped_Data_400\Hard Coral\4200414630110281028.jpg,4200414630110281028.jpg,Hard Coral
C:\Users\Brandon\Desktop\Classes\E208\Homework\E208_Final\Automatic Data Cleaning\Cropped_Data_400\Hard Coral\420041463011058705.jpg,420041463011058705.jpg,Hard Coral
C:\Users\Brandon\Desktop\Classes\E208\Homework\E208_Final\Automatic Data Cleaning\Cropped_Data_400\Hard Coral\420041463011113927.jpg,420041463011113927.jpg,Hard Coral
C:\Users\Brandon\Desktop\Classes\E208\Homework\E208_Final\Automatic Data Cleaning\Cropped_Data_400\Hard Coral\420041463011182833.jpg,420041463011182833.jpg,Hard Coral
C:\Users\Brandon\Desktop\Classes\E208\Homework\E208_Final\Automatic Data Cleaning\Cropped_Data_400\Hard Coral\4200414630112261096.jpg,4200414630112261096.jpg,Hard Coral
C:\Users\Brandon\Desktop\Classes\E208\Homework\E208_Final\Automatic Data Cleaning\Cropped_Data_400\Hard Coral\42004146301125395.jpg,42004146301125395.jpg,Hard Coral
C:\Users\Brandon\Desktop\Classes\E208\Homework\E208_Final\Automatic Data Cleaning\Cropped_Data_400\Hard Coral\4200414630112751072.jpg,4200414630112751072.jpg,Hard Coral
C:\Users\Brandon\Desktop\Classes\E208\Homework\E208_Final\Automatic Data Cleaning\Cropped_Data_400\Hard Coral\42004146301135702.jpg,42004146301135702.jpg,Hard Coral
C:\Users\Brandon\Desktop\Classes\E208\Homework\E208_Final\Automatic Data Cleaning\Cropped_Data_400\Hard Coral\42004146301143402.jpg,42004146301143402.jpg,Hard Coral
C:\Users\Brandon\Desktop\Classes\E208\Homework\E208_Final\Automatic Data Cleaning\Cropped_Data_400\Hard Coral\42004146301342720.jpg,42004146301342720.jpg,Hard Coral
C:\Users\Brandon\Desktop\Classes\E208\Homework\E208_Final\Automatic Data Cleaning\Cropped_Data_400\Hard Coral\42004146301415682.jpg,42004146301415682.jpg,Hard Coral
C:\Users\Brandon\Desktop\Classes\E208\Homework\E208_Final\Automatic Data Cleaning\Cropped_Data_400\Hard Coral\42004146301446663.jpg,42004146301446663.jpg,Hard Coral
C:\Users\Brandon\Desktop\Classes\E208\Homework\E208_Final\Automatic Data Cleaning\Cropped_Data_400\Hard Coral\42004146301477990.jpg,42004146301477990.jpg,Hard Coral
C:\Users\Brandon\Desktop\Classes\E208\Homework\E208_Final\Automatic Data Cleaning\Cropped_Data_400\Hard Coral\42004146301505590.jpg,42004146301505590.jpg,Hard Coral
C:\Users\Brandon\Desktop\Classes\E208\Homework\E208_Final\Automatic Data Cleaning\Cropped_Data_400\Hard Coral\42004146301559377.jpg,42004146301559377.jpg,Hard Coral
C:\Users\Brandon\Desktop\Classes\E208\Homework\E208_Final\Automatic Data Cleaning\Cropped_Data_400\Hard Coral\420041463016751093.jpg,420041463016751093.jpg,Hard Coral
C:\Users\Brandon\Desktop\Classes\E208\Homework\E208_Final\Automatic Data Cleaning\Cropped_Data_400\Hard Coral\42004146301716541.jpg,42004146301716541.jpg,Hard Coral
C:\Users\Brandon\Desktop\Classes\E208\Homework\E208_Final\Automatic Data Cleaning\Cropped_Data_400\Hard Coral\42004146301722794.jpg,42004146301722794.jpg,Hard Coral
C:\Users\Brandon\Desktop\Classes\E208\Homework\E208_Final\Automatic Data Cleaning\Cropped_Data_400\Hard Coral\42004146301724599.jpg,42004146301724599.jpg,Hard Coral
C:\Users\Brandon\Desktop\Classes\E208\Homework\E208_Final\Automatic Data Cleaning\Cropped_Data_400\Hard Coral\42004146301734485.jpg,42004146301734485.jpg,Hard Coral
C:\Users\Brandon\Desktop\Classes\E208\Homework\E208_Final\Automatic Data Cleaning\Cropped_Data_400\Hard Coral\42004146301811325.jpg,42004146301811325.jpg,Hard Coral
C:\Users\Brandon\Desktop\Classes\E208\Homework\E208_Final\Automatic Data Cleaning\Cropped_Data_400\Hard Coral\42004146301862658.jpg,42004146301862658.jpg,Hard Coral
C:\Users\Brandon\Desktop\Classes\E208\Homework\E208_Final\Automatic Data Cleaning\Cropped_Data_400\Hard Coral\420041463018961175.jpg,420041463018961175.jpg,Hard Coral
C:\Users\Brandon\Desktop\Classes\E208\Homework\E208_Final\Automatic Data Cleaning\Cropped_Data_400\Hard Coral\42004146301929738.jpg,42004146301929738.jpg,Hard Coral
C:\Users\Brandon\Desktop\Classes\E208\Homework\E208_Final\Automatic Data Cleaning\Cropped_Data_400\Hard Coral\42004146401101709.jpg,42004146401101709.jpg,Hard Coral
C:\Users\Brandon\Desktop\Classes\E208\Homework\E208_Final\Automatic Data Cleaning\Cropped_Data_400\Hard Coral\42004146401110902.jpg,42004146401110902.jpg,Hard Coral
C:\Users\Brandon\Desktop\Classes\E208\Homework\E208_Final\Automatic Data Cleaning\Cropped_Data_400\Hard Coral\42004146401117657.jpg,42004146401117657.jpg,Hard Coral
C:\Users\Brandon\Desktop\Classes\E208\Homework\E208_Final\Automatic Data Cleaning\Cropped_Data_400\Hard Coral\42004146401125813.jpg,42004146401125813.jpg,Hard Coral
C:\Users\Brandon\Desktop\Classes\E208\Homework\E208_Final\Automatic Data Cleaning\Cropped_Data_400\Hard Coral\42004146401140792.jpg,42004146401140792.jpg,Hard Coral
C:\Users\Brandon\Desktop\Classes\E208\Homework\E208_Final\Automatic Data Cleaning\Cropped_Data_400\Hard Coral\42004146401199915.jpg,42004146401199915.jpg,Hard Coral
C:\Users\Brandon\Desktop\Classes\E208\Homework\E208_Final\Automatic Data Cleaning\Cropped_Data_400\Hard Coral\42004146401352221.jpg,42004146401352221.jpg,Hard Coral
C:\Users\Brandon\Desktop\Classes\E208\Homework\E208_Final\Automatic Data Cleaning\Cropped_Data_400\Hard Coral\42004146401520654.jpg,42004146401520654.jpg,Hard Coral
C:\Users\Brandon\Desktop\Classes\E208\Homework\E208_Final\Automatic Data Cleaning\Cropped_Data_400\Hard Coral\4200414640152905.jpg,4200414640152905.jpg,Hard Coral
C:\Users\Brandon\Desktop\Classes\E208\Homework\E208_Final\Automatic Data Cleaning\Cropped_Data_400\Hard Coral\42004146401558443.jpg,42004146401558443.jpg,Hard Coral
C:\Users\Brandon\Desktop\Classes\E208\Homework\E208_Final\Automatic Data Cleaning\Cropped_Data_400\Hard Coral\42004146401674582.jpg,42004146401674582.jpg,Hard Coral
C:\Users\Brandon\Desktop\Classes\E208\Homework\E208_Final\Automatic Data Cleaning\Cropped_Data_400\Hard Coral\42004146401796657.jpg,42004146401796657.jpg,Hard Coral
C:\Users\Brandon\Desktop\Classes\E208\Homework\E208_Final\Automatic Data Cleaning\Cropped_Data_400\Hard Coral\42004146401809595.jpg,42004146401809595.jpg,Hard Coral
C:\Users\Brandon\Desktop\Classes\E208\Homework\E208_Final\Automatic Data Cleaning\Cropped_Data_400\Hard Coral\4200414640181365.jpg,4200414640181365.jpg,Hard Coral
C:\Users\Brandon\Desktop\Classes\E208\Homework\E208_Final\Automatic Data Cleaning\Cropped_Data_400\Hard Coral\42004146501139747.jpg,42004146501139747.jpg,Hard Coral
C:\Users\Brandon\Desktop\Classes\E208\Homework\E208_Final\Automatic Data Cleaning\Cropped_Data_400\Hard Coral\42004146501144763.jpg,42004146501144763.jpg,Hard Coral
C:\Users\Brandon\Desktop\Classes\E208\Homework\E208_Final\Automatic Data Cleaning\Cropped_Data_400\Hard Coral\42004146501502249.jpg,42004146501502249.jpg,Hard Coral
C:\Users\Brandon\Desktop\Classes\E208\Homework\E208_Final\Automatic Data Cleaning\Cropped_Data_400\Hard Coral\4200414650154397.jpg,4200414650154397.jpg,Hard Coral
C:\Users\Brandon\Desktop\Classes\E208\Homework\E208_Final\Automatic Data Cleaning\Cropped_Data_400\Hard Coral\42004146501582539.jpg,42004146501582539.jpg,Hard Coral
C:\Users\Brandon\Desktop\Classes\E208\Homework\E208_Final\Automatic Data Cleaning\Cropped_Data_400\Hard Coral\42004146501637645.jpg,42004146501637645.jpg,Hard Coral
C:\Users\Brandon\Desktop\Classes\E208\Homework\E208_Final\Automatic Data Cleaning\Cropped_Data_400\Hard Coral\42004146501687108.jpg,42004146501687108.jpg,Hard Coral
C:\Users\Brandon\Desktop\Classes\E208\Homework\E208_Final\Automatic Data Cleaning\Cropped_Data_400\Hard Coral\42004146501687187.jpg,42004146501687187.jpg,Hard Coral
C:\Users\Brandon\Desktop\Classes\E208\Homework\E208_Final\Automatic Data Cleaning\Cropped_Data_400\Hard Coral\42004146501691429.jpg,42004146501691429.jpg,Hard Coral
C:\Users\Brandon\Desktop\Classes\E208\Homework\E208_Final\Automatic Data Cleaning\Cropped_Data_400\Hard Coral\42004146501751176.jpg,42004146501751176.jpg,Hard Coral
C:\Users\Brandon\Desktop\Classes\E208\Homework\E208_Final\Automatic Data Cleaning\Cropped_Data_400\Hard Coral\42004146501758133.jpg,42004146501758133.jpg,Hard Coral
C:\Users\Brandon\Desktop\Classes\E208\Homework\E208_Final\Automatic Data Cleaning\Cropped_Data_400\Hard Coral\420041466011023897.jpg,420041466011023897.jpg,Hard Coral
C:\Users\Brandon\Desktop\Classes\E208\Homework\E208_Final\Automatic Data Cleaning\Cropped_Data_400\Hard Coral\420041466011098758.jpg,420041466011098758.jpg,Hard Coral
C:\Users\Brandon\Desktop\Classes\E208\Homework\E208_Final\Automatic Data Cleaning\Cropped_Data_400\Hard Coral\42004146601154812.jpg,42004146601154812.jpg,Hard Coral
C:\Users\Brandon\Desktop\Classes\E208\Homework\E208_Final\Automatic Data Cleaning\Cropped_Data_400\Hard Coral\42004146601332386.jpg,42004146601332386.jpg,Hard Coral
C:\Users\Brandon\Desktop\Classes\E208\Homework\E208_Final\Automatic Data Cleaning\Cropped_Data_400\Hard Coral\42004146601347387.jpg,42004146601347387.jpg,Hard Coral
C:\Users\Brandon\Desktop\Classes\E208\Homework\E208_Final\Automatic Data Cleaning\Cropped_Data_400\Hard Coral\42004146601459724.jpg,42004146601459724.jpg,Hard Coral
C:\Users\Brandon\Desktop\Classes\E208\Homework\E208_Final\Automatic Data Cleaning\Cropped_Data_400\Hard Coral\4200414660153375.jpg,4200414660153375.jpg,Hard Coral
C:\Users\Brandon\Desktop\Classes\E208\Homework\E208_Final\Automatic Data Cleaning\Cropped_Data_400\Hard Coral\42004146601586631.jpg,42004146601586631.jpg,Hard Coral
C:\Users\Brandon\Desktop\Classes\E208\Homework\E208_Final\Automatic Data Cleaning\Cropped_Data_400\Hard Coral\420041466016141221.jpg,420041466016141221.jpg,Hard Coral
C:\Users\Brandon\Desktop\Classes\E208\Homework\E208_Final\Automatic Data Cleaning\Cropped_Data_400\Hard Coral\42004146601798239.jpg,42004146601798239.jpg,Hard Coral
C:\Users\Brandon\Desktop\Classes\E208\Homework\E208_Final\Automatic Data Cleaning\Cropped_Data_400\Hard Coral\42004146601853723.jpg,42004146601853723.jpg,Hard Coral
C:\Users\Brandon\Desktop\Classes\E208\Homework\E208_Final\Automatic Data Cleaning\Cropped_Data_400\Hard Coral\42004146601922852.jpg,42004146601922852.jpg,Hard Coral
C:\Users\Brandon\Desktop\Classes\E208\Homework\E208_Final\Automatic Data Cleaning\Cropped_Data_400\Hard Coral\42004146601941895.jpg,42004146601941895.jpg,Hard Coral
C:\Users\Brandon\Desktop\Classes\E208\Homework\E208_Final\Automatic Data Cleaning\Cropped_Data_400\Hard Coral\4200414670115361352.jpg,4200414670115361352.jpg,Hard Coral
C:\Users\Brandon\Desktop\Classes\E208\Homework\E208_Final\Automatic Data Cleaning\Cropped_Data_400\Hard Coral\4200414670116281231.jpg,4200414670116281231.jpg,Hard Coral
C:\Users\Brandon\Desktop\Classes\E208\Homework\E208_Final\Automatic Data Cleaning\Cropped_Data_400\Hard Coral\42004146701175834.jpg,42004146701175834.jpg,Hard Coral
C:\Users\Brandon\Desktop\Classes\E208\Homework\E208_Final\Automatic Data Cleaning\Cropped_Data_400\Hard Coral\42004146701355876.jpg,42004146701355876.jpg,Hard Coral
C:\Users\Brandon\Desktop\Classes\E208\Homework\E208_Final\Automatic Data Cleaning\Cropped_Data_400\Hard Coral\42004146701568196.jpg,42004146701568196.jpg,Hard Coral
C:\Users\Brandon\Desktop\Classes\E208\Homework\E208_Final\Automatic Data Cleaning\Cropped_Data_400\Hard Coral\420041467015911737.jpg,420041467015911737.jpg,Hard Coral
C:\Users\Brandon\Desktop\Classes\E208\Homework\E208_Final\Automatic Data Cleaning\Cropped_Data_400\Hard Coral\42004146701764984.jpg,42004146701764984.jpg,Hard Coral
C:\Users\Brandon\Desktop\Classes\E208\Homework\E208_Final\Automatic Data Cleaning\Cropped_Data_400\Hard Coral\42004146701842838.jpg,42004146701842838.jpg,Hard Coral
C:\Users\Brandon\Desktop\Classes\E208\Homework\E208_Final\Automatic Data Cleaning\Cropped_Data_400\Hard Coral\420041467018731266.jpg,420041467018731266.jpg,Hard Coral
C:\Users\Brandon\Desktop\Classes\E208\Homework\E208_Final\Automatic Data Cleaning\Cropped_Data_400\Hard Coral\420041468011071486.jpg,420041468011071486.jpg,Hard Coral
C:\Users\Brandon\Desktop\Classes\E208\Homework\E208_Final\Automatic Data Cleaning\Cropped_Data_400\Hard Coral\42004146801113290.jpg,42004146801113290.jpg,Hard Coral
C:\Users\Brandon\Desktop\Classes\E208\Homework\E208_Final\Automatic Data Cleaning\Cropped_Data_400\Hard Coral\420041468011173481.jpg,420041468011173481.jpg,Hard Coral
C:\Users\Brandon\Desktop\Classes\E208\Homework\E208_Final\Automatic Data Cleaning\Cropped_Data_400\Hard Coral\420041468011215476.jpg,420041468011215476.jpg,Hard Coral
C:\Users\Brandon\Desktop\Classes\E208\Homework\E208_Final\Automatic Data Cleaning\Cropped_Data_400\Hard Coral\420041468011216181.jpg,420041468011216181.jpg,Hard Coral
C:\Users\Brandon\Desktop\Classes\E208\Homework\E208_Final\Automatic Data Cleaning\Cropped_Data_400\Hard Coral\420041468011334633.jpg,420041468011334633.jpg,Hard Coral
C:\Users\Brandon\Desktop\Classes\E208\Homework\E208_Final\Automatic Data Cleaning\Cropped_Data_400\Hard Coral\420041468011375230.jpg,420041468011375230.jpg,Hard Coral
C:\Users\Brandon\Desktop\Classes\E208\Homework\E208_Final\Automatic Data Cleaning\Cropped_Data_400\Hard Coral\420041468011399333.jpg,420041468011399333.jpg,Hard Coral
C:\Users\Brandon\Desktop\Classes\E208\Homework\E208_Final\Automatic Data Cleaning\Cropped_Data_400\Hard Coral\42004146801237108.jpg,42004146801237108.jpg,Hard Coral
C:\Users\Brandon\Desktop\Classes\E208\Homework\E208_Final\Automatic Data Cleaning\Cropped_Data_400\Hard Coral\42004146801441549.jpg,42004146801441549.jpg,Hard Coral
C:\Users\Brandon\Desktop\Classes\E208\Homework\E208_Final\Automatic Data Cleaning\Cropped_Data_400\Hard Coral\42004146801459569.jpg,42004146801459569.jpg,Hard Coral
C:\Users\Brandon\Desktop\Classes\E208\Homework\E208_Final\Automatic Data Cleaning\Cropped_Data_400\Hard Coral\42004146801474670.jpg,42004146801474670.jpg,Hard Coral
C:\Users\Brandon\Desktop\Classes\E208\Homework\E208_Final\Automatic Data Cleaning\Cropped_Data_400\Hard Coral\42004146801527609.jpg,42004146801527609.jpg,Hard Coral
C:\Users\Brandon\Desktop\Classes\E208\Homework\E208_Final\Automatic Data Cleaning\Cropped_Data_400\Hard Coral\42004146801581537.jpg,42004146801581537.jpg,Hard Coral
C:\Users\Brandon\Desktop\Classes\E208\Homework\E208_Final\Automatic Data Cleaning\Cropped_Data_400\Hard Coral\42004146801669348.jpg,42004146801669348.jpg,Hard Coral
C:\Users\Brandon\Desktop\Classes\E208\Homework\E208_Final\Automatic Data Cleaning\Cropped_Data_400\Hard Coral\42004146801711224.jpg,42004146801711224.jpg,Hard Coral
C:\Users\Brandon\Desktop\Classes\E208\Homework\E208_Final\Automatic Data Cleaning\Cropped_Data_400\Hard Coral\42004146801740667.jpg,42004146801740667.jpg,Hard Coral
C:\Users\Brandon\Desktop\Classes\E208\Homework\E208_Final\Automatic Data Cleaning\Cropped_Data_400\Hard Coral\42004146801791383.jpg,42004146801791383.jpg,Hard Coral
C:\Users\Brandon\Desktop\Classes\E208\Homework\E208_Final\Automatic Data Cleaning\Cropped_Data_400\Hard Coral\42004146801822703.jpg,42004146801822703.jpg,Hard Coral
C:\Users\Brandon\Desktop\Classes\E208\Homework\E208_Final\Automatic Data Cleaning\Cropped_Data_400\Hard Coral\42004146801954566.jpg,42004146801954566.jpg,Hard Coral
C:\Users\Brandon\Desktop\Classes\E208\Homework\E208_Final\Automatic Data Cleaning\Cropped_Data_400\Hard Coral\42004146801973668.jpg,42004146801973668.jpg,Hard Coral
C:\Users\Brandon\Desktop\Classes\E208\Homework\E208_Final\Automatic Data Cleaning\Cropped_Data_400\Soft Coral\420041461011690350.jpg,420041461011690350.jpg,Soft Coral
C:\Users\Brandon\Desktop\Classes\E208\Homework\E208_Final\Automatic Data Cleaning\Cropped_Data_400\Soft Coral\4200414610116951366.jpg,4200414610116951366.jpg,Soft Coral
C:\Users\Brandon\Desktop\Classes\E208\Homework\E208_Final\Automatic Data Cleaning\Cropped_Data_400\Soft Coral\42004146101190280.jpg,42004146101190280.jpg,Soft Coral
C:\Users\Brandon\Desktop\Classes\E208\Homework\E208_Final\Automatic Data Cleaning\Cropped_Data_400\Soft Coral\42004146101389217.jpg,42004146101389217.jpg,Soft Coral
C:\Users\Brandon\Desktop\Classes\E208\Homework\E208_Final\Automatic Data Cleaning\Cropped_Data_400\Soft Coral\42004146101626233.jpg,42004146101626233.jpg,Soft Coral
C:\Users\Brandon\Desktop\Classes\E208\Homework\E208_Final\Automatic Data Cleaning\Cropped_Data_400\Soft Coral\42004146101632891.jpg,42004146101632891.jpg,Soft Coral
C:\Users\Brandon\Desktop\Classes\E208\Homework\E208_Final\Automatic Data Cleaning\Cropped_Data_400\Soft Coral\420041461017921091.jpg,420041461017921091.jpg,Soft Coral
C:\Users\Brandon\Desktop\Classes\E208\Homework\E208_Final\Automatic Data Cleaning\Cropped_Data_400\Soft Coral\420041462011408357.jpg,420041462011408357.jpg,Soft Coral
C:\Users\Brandon\Desktop\Classes\E208\Homework\E208_Final\Automatic Data Cleaning\Cropped_Data_400\Soft Coral\420041462015891081.jpg,420041462015891081.jpg,Soft Coral
C:\Users\Brandon\Desktop\Classes\E208\Homework\E208_Final\Automatic Data Cleaning\Cropped_Data_400\Soft Coral\4200414630111431254.jpg,4200414630111431254.jpg,Soft Coral
C:\Users\Brandon\Desktop\Classes\E208\Homework\E208_Final\Automatic Data Cleaning\Cropped_Data_400\Soft Coral\42004146301199336.jpg,42004146301199336.jpg,Soft Coral
C:\Users\Brandon\Desktop\Classes\E208\Homework\E208_Final\Automatic Data Cleaning\Cropped_Data_400\Soft Coral\42004146301593995.jpg,42004146301593995.jpg,Soft Coral
C:\Users\Brandon\Desktop\Classes\E208\Homework\E208_Final\Automatic Data Cleaning\Cropped_Data_400\Soft Coral\420041463016441249.jpg,420041463016441249.jpg,Soft Coral
C:\Users\Brandon\Desktop\Classes\E208\Homework\E208_Final\Automatic Data Cleaning\Cropped_Data_400\Soft Coral\420041463016991041.jpg,420041463016991041.jpg,Soft Coral
C:\Users\Brandon\Desktop\Classes\E208\Homework\E208_Final\Automatic Data Cleaning\Cropped_Data_400\Soft Coral\4200414630181302.jpg,4200414630181302.jpg,Soft Coral
C:\Users\Brandon\Desktop\Classes\E208\Homework\E208_Final\Automatic Data Cleaning\Cropped_Data_400\Soft Coral\42004146301928463.jpg,42004146301928463.jpg,Soft Coral
C:\Users\Brandon\Desktop\Classes\E208\Homework\E208_Final\Automatic Data Cleaning\Cropped_Data_400\Soft Coral\42004146301957513.jpg,42004146301957513.jpg,Soft Coral
C:\Users\Brandon\Desktop\Classes\E208\Homework\E208_Final\Automatic Data Cleaning\Cropped_Data_400\Soft Coral\42004146401107388.jpg,42004146401107388.jpg,Soft Coral
C:\Users\Brandon\Desktop\Classes\E208\Homework\E208_Final\Automatic Data Cleaning\Cropped_Data_400\Soft Coral\42004146401108443.jpg,42004146401108443.jpg,Soft Coral
C:\Users\Brandon\Desktop\Classes\E208\Homework\E208_Final\Automatic Data Cleaning\Cropped_Data_400\Soft Coral\42004146401146383.jpg,42004146401146383.jpg,Soft Coral
C:\Users\Brandon\Desktop\Classes\E208\Homework\E208_Final\Automatic Data Cleaning\Cropped_Data_400\Soft Coral\42004146401168335.jpg,42004146401168335.jpg,Soft Coral
C:\Users\Brandon\Desktop\Classes\E208\Homework\E208_Final\Automatic Data Cleaning\Cropped_Data_400\Soft Coral\42004146401297683.jpg,42004146401297683.jpg,Soft Coral
C:\Users\Brandon\Desktop\Classes\E208\Homework\E208_Final\Automatic Data Cleaning\Cropped_Data_400\Soft Coral\42004146401312499.jpg,42004146401312499.jpg,Soft Coral
C:\Users\Brandon\Desktop\Classes\E208\Homework\E208_Final\Automatic Data Cleaning\Cropped_Data_400\Soft Coral\42004146401319661.jpg,42004146401319661.jpg,Soft Coral
C:\Users\Brandon\Desktop\Classes\E208\Homework\E208_Final\Automatic Data Cleaning\Cropped_Data_400\Soft Coral\42004146401352878.jpg,42004146401352878.jpg,Soft Coral
C:\Users\Brandon\Desktop\Classes\E208\Homework\E208_Final\Automatic Data Cleaning\Cropped_Data_400\Soft Coral\42004146401354744.jpg,42004146401354744.jpg,Soft Coral
C:\Users\Brandon\Desktop\Classes\E208\Homework\E208_Final\Automatic Data Cleaning\Cropped_Data_400\Soft Coral\42004146401391541.jpg,42004146401391541.jpg,Soft Coral
C:\Users\Brandon\Desktop\Classes\E208\Homework\E208_Final\Automatic Data Cleaning\Cropped_Data_400\Soft Coral\42004146401393925.jpg,42004146401393925.jpg,Soft Coral
C:\Users\Brandon\Desktop\Classes\E208\Homework\E208_Final\Automatic Data Cleaning\Cropped_Data_400\Soft Coral\42004146401439460.jpg,42004146401439460.jpg,Soft Coral
C:\Users\Brandon\Desktop\Classes\E208\Homework\E208_Final\Automatic Data Cleaning\Cropped_Data_400\Soft Coral\42004146401455160.jpg,42004146401455160.jpg,Soft Coral
C:\Users\Brandon\Desktop\Classes\E208\Homework\E208_Final\Automatic Data Cleaning\Cropped_Data_400\Soft Coral\42004146401465203.jpg,42004146401465203.jpg,Soft Coral
C:\Users\Brandon\Desktop\Classes\E208\Homework\E208_Final\Automatic Data Cleaning\Cropped_Data_400\Soft Coral\42004146401611831.jpg,42004146401611831.jpg,Soft Coral
C:\Users\Brandon\Desktop\Classes\E208\Homework\E208_Final\Automatic Data Cleaning\Cropped_Data_400\Soft Coral\42004146401622928.jpg,42004146401622928.jpg,Soft Coral
C:\Users\Brandon\Desktop\Classes\E208\Homework\E208_Final\Automatic Data Cleaning\Cropped_Data_400\Soft Coral\4200414640164469.jpg,4200414640164469.jpg,Soft Coral
C:\Users\Brandon\Desktop\Classes\E208\Homework\E208_Final\Automatic Data Cleaning\Cropped_Data_400\Soft Coral\42004146401711846.jpg,42004146401711846.jpg,Soft Coral
C:\Users\Brandon\Desktop\Classes\E208\Homework\E208_Final\Automatic Data Cleaning\Cropped_Data_400\Soft Coral\42004146401721897.jpg,42004146401721897.jpg,Soft Coral
C:\Users\Brandon\Desktop\Classes\E208\Homework\E208_Final\Automatic Data Cleaning\Cropped_Data_400\Soft Coral\42004146401738800.jpg,42004146401738800.jpg,Soft Coral
C:\Users\Brandon\Desktop\Classes\E208\Homework\E208_Final\Automatic Data Cleaning\Cropped_Data_400\Soft Coral\42004146401743668.jpg,42004146401743668.jpg,Soft Coral
C:\Users\Brandon\Desktop\Classes\E208\Homework\E208_Final\Automatic Data Cleaning\Cropped_Data_400\Soft Coral\42004146401750427.jpg,42004146401750427.jpg,Soft Coral
C:\Users\Brandon\Desktop\Classes\E208\Homework\E208_Final\Automatic Data Cleaning\Cropped_Data_400\Soft Coral\42004146401756685.jpg,42004146401756685.jpg,Soft Coral
C:\Users\Brandon\Desktop\Classes\E208\Homework\E208_Final\Automatic Data Cleaning\Cropped_Data_400\Soft Coral\42004146401832710.jpg,42004146401832710.jpg,Soft Coral
C:\Users\Brandon\Desktop\Classes\E208\Homework\E208_Final\Automatic Data Cleaning\Cropped_Data_400\Soft Coral\42004146401860826.jpg,42004146401860826.jpg,Soft Coral
C:\Users\Brandon\Desktop\Classes\E208\Homework\E208_Final\Automatic Data Cleaning\Cropped_Data_400\Soft Coral\42004146401907392.jpg,42004146401907392.jpg,Soft Coral
C:\Users\Brandon\Desktop\Classes\E208\Homework\E208_Final\Automatic Data Cleaning\Cropped_Data_400\Soft Coral\42004146501142490.jpg,42004146501142490.jpg,Soft Coral
C:\Users\Brandon\Desktop\Classes\E208\Homework\E208_Final\Automatic Data Cleaning\Cropped_Data_400\Soft Coral\42004146501162549.jpg,42004146501162549.jpg,Soft Coral
C:\Users\Brandon\Desktop\Classes\E208\Homework\E208_Final\Automatic Data Cleaning\Cropped_Data_400\Soft Coral\42004146501209695.jpg,42004146501209695.jpg,Soft Coral
C:\Users\Brandon\Desktop\Classes\E208\Homework\E208_Final\Automatic Data Cleaning\Cropped_Data_400\Soft Coral\42004146501305540.jpg,42004146501305540.jpg,Soft Coral
C:\Users\Brandon\Desktop\Classes\E208\Homework\E208_Final\Automatic Data Cleaning\Cropped_Data_400\Soft Coral\42004146501315458.jpg,42004146501315458.jpg,Soft Coral
C:\Users\Brandon\Desktop\Classes\E208\Homework\E208_Final\Automatic Data Cleaning\Cropped_Data_400\Soft Coral\42004146501336731.jpg,42004146501336731.jpg,Soft Coral
C:\Users\Brandon\Desktop\Classes\E208\Homework\E208_Final\Automatic Data Cleaning\Cropped_Data_400\Soft Coral\42004146501342638.jpg,42004146501342638.jpg,Soft Coral
C:\Users\Brandon\Desktop\Classes\E208\Homework\E208_Final\Automatic Data Cleaning\Cropped_Data_400\Soft Coral\42004146501344357.jpg,42004146501344357.jpg,Soft Coral
C:\Users\Brandon\Desktop\Classes\E208\Homework\E208_Final\Automatic Data Cleaning\Cropped_Data_400\Soft Coral\42004146501356721.jpg,42004146501356721.jpg,Soft Coral
C:\Users\Brandon\Desktop\Classes\E208\Homework\E208_Final\Automatic Data Cleaning\Cropped_Data_400\Soft Coral\42004146501384542.jpg,42004146501384542.jpg,Soft Coral
C:\Users\Brandon\Desktop\Classes\E208\Homework\E208_Final\Automatic Data Cleaning\Cropped_Data_400\Soft Coral\42004146501400641.jpg,42004146501400641.jpg,Soft Coral
C:\Users\Brandon\Desktop\Classes\E208\Homework\E208_Final\Automatic Data Cleaning\Cropped_Data_400\Soft Coral\42004146501409349.jpg,42004146501409349.jpg,Soft Coral
C:\Users\Brandon\Desktop\Classes\E208\Homework\E208_Final\Automatic Data Cleaning\Cropped_Data_400\Soft Coral\42004146501418732.jpg,42004146501418732.jpg,Soft Coral
C:\Users\Brandon\Desktop\Classes\E208\Homework\E208_Final\Automatic Data Cleaning\Cropped_Data_400\Soft Coral\4200414650147762.jpg,4200414650147762.jpg,Soft Coral
C:\Users\Brandon\Desktop\Classes\E208\Homework\E208_Final\Automatic Data Cleaning\Cropped_Data_400\Soft Coral\4200414650148730.jpg,4200414650148730.jpg,Soft Coral
C:\Users\Brandon\Desktop\Classes\E208\Homework\E208_Final\Automatic Data Cleaning\Cropped_Data_400\Soft Coral\42004146501496490.jpg,42004146501496490.jpg,Soft Coral
C:\Users\Brandon\Desktop\Classes\E208\Homework\E208_Final\Automatic Data Cleaning\Cropped_Data_400\Soft Coral\42004146501524656.jpg,42004146501524656.jpg,Soft Coral
C:\Users\Brandon\Desktop\Classes\E208\Homework\E208_Final\Automatic Data Cleaning\Cropped_Data_400\Soft Coral\42004146501532357.jpg,42004146501532357.jpg,Soft Coral
C:\Users\Brandon\Desktop\Classes\E208\Homework\E208_Final\Automatic Data Cleaning\Cropped_Data_400\Soft Coral\42004146501742571.jpg,42004146501742571.jpg,Soft Coral
C:\Users\Brandon\Desktop\Classes\E208\Homework\E208_Final\Automatic Data Cleaning\Cropped_Data_400\Soft Coral\4200414650174325.jpg,4200414650174325.jpg,Soft Coral
C:\Users\Brandon\Desktop\Classes\E208\Homework\E208_Final\Automatic Data Cleaning\Cropped_Data_400\Soft Coral\42004146501767743.jpg,42004146501767743.jpg,Soft Coral
C:\Users\Brandon\Desktop\Classes\E208\Homework\E208_Final\Automatic Data Cleaning\Cropped_Data_400\Soft Coral\4200414650192332.jpg,4200414650192332.jpg,Soft Coral
C:\Users\Brandon\Desktop\Classes\E208\Homework\E208_Final\Automatic Data Cleaning\Cropped_Data_400\Soft Coral\420041466011035217.jpg,420041466011035217.jpg,Soft Coral
C:\Users\Brandon\Desktop\Classes\E208\Homework\E208_Final\Automatic Data Cleaning\Cropped_Data_400\Soft Coral\4200414660110771118.jpg,4200414660110771118.jpg,Soft Coral
C:\Users\Brandon\Desktop\Classes\E208\Homework\E208_Final\Automatic Data Cleaning\Cropped_Data_400\Soft Coral\420041466011154920.jpg,420041466011154920.jpg,Soft Coral
C:\Users\Brandon\Desktop\Classes\E208\Homework\E208_Final\Automatic Data Cleaning\Cropped_Data_400\Soft Coral\420041466011571037.jpg,420041466011571037.jpg,Soft Coral
C:\Users\Brandon\Desktop\Classes\E208\Homework\E208_Final\Automatic Data Cleaning\Cropped_Data_400\Soft Coral\42004146601175923.jpg,42004146601175923.jpg,Soft Coral
C:\Users\Brandon\Desktop\Classes\E208\Homework\E208_Final\Automatic Data Cleaning\Cropped_Data_400\Soft Coral\420041466012261114.jpg,420041466012261114.jpg,Soft Coral
C:\Users\Brandon\Desktop\Classes\E208\Homework\E208_Final\Automatic Data Cleaning\Cropped_Data_400\Soft Coral\420041466012791061.jpg,420041466012791061.jpg,Soft Coral
C:\Users\Brandon\Desktop\Classes\E208\Homework\E208_Final\Automatic Data Cleaning\Cropped_Data_400\Soft Coral\420041466013381066.jpg,420041466013381066.jpg,Soft Coral
C:\Users\Brandon\Desktop\Classes\E208\Homework\E208_Final\Automatic Data Cleaning\Cropped_Data_400\Soft Coral\4200414660133871.jpg,4200414660133871.jpg,Soft Coral
C:\Users\Brandon\Desktop\Classes\E208\Homework\E208_Final\Automatic Data Cleaning\Cropped_Data_400\Soft Coral\420041466013501146.jpg,420041466013501146.jpg,Soft Coral
C:\Users\Brandon\Desktop\Classes\E208\Homework\E208_Final\Automatic Data Cleaning\Cropped_Data_400\Soft Coral\420041466013941188.jpg,420041466013941188.jpg,Soft Coral
C:\Users\Brandon\Desktop\Classes\E208\Homework\E208_Final\Automatic Data Cleaning\Cropped_Data_400\Soft Coral\42004146601397660.jpg,42004146601397660.jpg,Soft Coral
C:\Users\Brandon\Desktop\Classes\E208\Homework\E208_Final\Automatic Data Cleaning\Cropped_Data_400\Soft Coral\420041466014371130.jpg,420041466014371130.jpg,Soft Coral
C:\Users\Brandon\Desktop\Classes\E208\Homework\E208_Final\Automatic Data Cleaning\Cropped_Data_400\Soft Coral\42004146601459208.jpg,42004146601459208.jpg,Soft Coral
C:\Users\Brandon\Desktop\Classes\E208\Homework\E208_Final\Automatic Data Cleaning\Cropped_Data_400\Soft Coral\420041466016381184.jpg,420041466016381184.jpg,Soft Coral
C:\Users\Brandon\Desktop\Classes\E208\Homework\E208_Final\Automatic Data Cleaning\Cropped_Data_400\Soft Coral\42004146601692332.jpg,42004146601692332.jpg,Soft Coral
C:\Users\Brandon\Desktop\Classes\E208\Homework\E208_Final\Automatic Data Cleaning\Cropped_Data_400\Soft Coral\42004146601707435.jpg,42004146601707435.jpg,Soft Coral
C:\Users\Brandon\Desktop\Classes\E208\Homework\E208_Final\Automatic Data Cleaning\Cropped_Data_400\Soft Coral\42004146601801190.jpg,42004146601801190.jpg,Soft Coral
C:\Users\Brandon\Desktop\Classes\E208\Homework\E208_Final\Automatic Data Cleaning\Cropped_Data_400\Soft Coral\42004146601883200.jpg,42004146601883200.jpg,Soft Coral
C:\Users\Brandon\Desktop\Classes\E208\Homework\E208_Final\Automatic Data Cleaning\Cropped_Data_400\Soft Coral\4200414670111391700.jpg,4200414670111391700.jpg,Soft Coral
C:\Users\Brandon\Desktop\Classes\E208\Homework\E208_Final\Automatic Data Cleaning\Cropped_Data_400\Soft Coral\420041467011277964.jpg,420041467011277964.jpg,Soft Coral
C:\Users\Brandon\Desktop\Classes\E208\Homework\E208_Final\Automatic Data Cleaning\Cropped_Data_400\Soft Coral\4200414670112811452.jpg,4200414670112811452.jpg,Soft Coral
C:\Users\Brandon\Desktop\Classes\E208\Homework\E208_Final\Automatic Data Cleaning\Cropped_Data_400\Soft Coral\4200414670113351804.jpg,4200414670113351804.jpg,Soft Coral
C:\Users\Brandon\Desktop\Classes\E208\Homework\E208_Final\Automatic Data Cleaning\Cropped_Data_400\Soft Coral\4200414670114851718.jpg,4200414670114851718.jpg,Soft Coral
C:\Users\Brandon\Desktop\Classes\E208\Homework\E208_Final\Automatic Data Cleaning\Cropped_Data_400\Soft Coral\4200414670115051802.jpg,4200414670115051802.jpg,Soft Coral
C:\Users\Brandon\Desktop\Classes\E208\Homework\E208_Final\Automatic Data Cleaning\Cropped_Data_400\Soft Coral\420041467011516895.jpg,420041467011516895.jpg,Soft Coral
C:\Users\Brandon\Desktop\Classes\E208\Homework\E208_Final\Automatic Data Cleaning\Cropped_Data_400\Soft Coral\4200414670115541942.jpg,4200414670115541942.jpg,Soft Coral
C:\Users\Brandon\Desktop\Classes\E208\Homework\E208_Final\Automatic Data Cleaning\Cropped_Data_400\Soft Coral\420041467011645923.jpg,420041467011645923.jpg,Soft Coral
C:\Users\Brandon\Desktop\Classes\E208\Homework\E208_Final\Automatic Data Cleaning\Cropped_Data_400\Soft Coral\420041467011719622.jpg,420041467011719622.jpg,Soft Coral
C:\Users\Brandon\Desktop\Classes\E208\Homework\E208_Final\Automatic Data Cleaning\Cropped_Data_400\Soft Coral\4200414670117291513.jpg,4200414670117291513.jpg,Soft Coral
C:\Users\Brandon\Desktop\Classes\E208\Homework\E208_Final\Automatic Data Cleaning\Cropped_Data_400\Soft Coral\420041467011758466.jpg,420041467011758466.jpg,Soft Coral
C:\Users\Brandon\Desktop\Classes\E208\Homework\E208_Final\Automatic Data Cleaning\Cropped_Data_400\Soft Coral\420041467011836254.jpg,420041467011836254.jpg,Soft Coral
C:\Users\Brandon\Desktop\Classes\E208\Homework\E208_Final\Automatic Data Cleaning\Cropped_Data_400\Soft Coral\4200414670118411456.jpg,4200414670118411456.jpg,Soft Coral
C:\Users\Brandon\Desktop\Classes\E208\Homework\E208_Final\Automatic Data Cleaning\Cropped_Data_400\Soft Coral\420041467013631717.jpg,420041467013631717.jpg,Soft Coral
C:\Users\Brandon\Desktop\Classes\E208\Homework\E208_Final\Automatic Data Cleaning\Cropped_Data_400\Soft Coral\420041467015401399.jpg,420041467015401399.jpg,Soft Coral
C:\Users\Brandon\Desktop\Classes\E208\Homework\E208_Final\Automatic Data Cleaning\Cropped_Data_400\Soft Coral\420041467015781416.jpg,420041467015781416.jpg,Soft Coral
C:\Users\Brandon\Desktop\Classes\E208\Homework\E208_Final\Automatic Data Cleaning\Cropped_Data_400\Soft Coral\42004146701766922.jpg,42004146701766922.jpg,Soft Coral
C:\Users\Brandon\Desktop\Classes\E208\Homework\E208_Final\Automatic Data Cleaning\Cropped_Data_400\Soft Coral\420041467018731839.jpg,420041467018731839.jpg,Soft Coral
C:\Users\Brandon\Desktop\Classes\E208\Homework\E208_Final\Automatic Data Cleaning\Cropped_Data_400\Soft Coral\42004146701873348.jpg,42004146701873348.jpg,Soft Coral
C:\Users\Brandon\Desktop\Classes\E208\Homework\E208_Final\Automatic Data Cleaning\Cropped_Data_400\Soft Coral\420041467019391170.jpg,420041467019391170.jpg,Soft Coral
C:\Users\Brandon\Desktop\Classes\E208\Homework\E208_Final\Automatic Data Cleaning\Cropped_Data_400\Soft Coral\4200414680112341301.jpg,4200414680112341301.jpg,Soft Coral
C:\Users\Brandon\Desktop\Classes\E208\Homework\E208_Final\Automatic Data Cleaning\Cropped_Data_400\Soft Coral\420041468011247889.jpg,420041468011247889.jpg,Soft Coral
C:\Users\Brandon\Desktop\Classes\E208\Homework\E208_Final\Automatic Data Cleaning\Cropped_Data_400\Soft Coral\4200414680112561285.jpg,4200414680112561285.jpg,Soft Coral
C:\Users\Brandon\Desktop\Classes\E208\Homework\E208_Final\Automatic Data Cleaning\Cropped_Data_400\Soft Coral\42004146801145259.jpg,42004146801145259.jpg,Soft Coral
C:\Users\Brandon\Desktop\Classes\E208\Homework\E208_Final\Automatic Data Cleaning\Cropped_Data_400\Soft Coral\420041468011861376.jpg,420041468011861376.jpg,Soft Coral
C:\Users\Brandon\Desktop\Classes\E208\Homework\E208_Final\Automatic Data Cleaning\Cropped_Data_400\Soft Coral\42004146801218710.jpg,42004146801218710.jpg,Soft Coral
C:\Users\Brandon\Desktop\Classes\E208\Homework\E208_Final\Automatic Data Cleaning\Cropped_Data_400\Soft Coral\42004146801259833.jpg,42004146801259833.jpg,Soft Coral
C:\Users\Brandon\Desktop\Classes\E208\Homework\E208_Final\Automatic Data Cleaning\Cropped_Data_400\Soft Coral\420041468013451270.jpg,420041468013451270.jpg,Soft Coral
C:\Users\Brandon\Desktop\Classes\E208\Homework\E208_Final\Automatic Data Cleaning\Cropped_Data_400\Soft Coral\42004146801409164.jpg,42004146801409164.jpg,Soft Coral
C:\Users\Brandon\Desktop\Classes\E208\Homework\E208_Final\Automatic Data Cleaning\Cropped_Data_400\Soft Coral\420041468015161208.jpg,420041468015161208.jpg,Soft Coral
C:\Users\Brandon\Desktop\Classes\E208\Homework\E208_Final\Automatic Data Cleaning\Cropped_Data_400\Soft Coral\42004146801530174.jpg,42004146801530174.jpg,Soft Coral
C:\Users\Brandon\Desktop\Classes\E208\Homework\E208_Final\Automatic Data Cleaning\Cropped_Data_400\Soft Coral\42004146801532504.jpg,42004146801532504.jpg,Soft Coral
C:\Users\Brandon\Desktop\Classes\E208\Homework\E208_Final\Automatic Data Cleaning\Cropped_Data_400\Soft Coral\42004146801558155.jpg,42004146801558155.jpg,Soft Coral
C:\Users\Brandon\Desktop\Classes\E208\Homework\E208_Final\Automatic Data Cleaning\Cropped_Data_400\Soft Coral\420041468017241188.jpg,420041468017241188.jpg,Soft Coral
C:\Users\Brandon\Desktop\Classes\E208\Homework\E208_Final\Automatic Data Cleaning\Cropped_Data_400\Soft Coral\420041468017541150.jpg,420041468017541150.jpg,Soft Coral
C:\Users\Brandon\Desktop\Classes\E208\Homework\E208_Final\Automatic Data Cleaning\Cropped_Data_400\Soft Coral\420041468017551033.jpg,420041468017551033.jpg,Soft Coral
C:\Users\Brandon\Desktop\Classes\E208\Homework\E208_Final\Automatic Data Cleaning\Cropped_Data_400\Soft Coral\420041468017791040.jpg,420041468017791040.jpg,Soft Coral
C:\Users\Brandon\Desktop\Classes\E208\Homework\E208_Final\Automatic Data Cleaning\Cropped_Data_400\Soft Coral\420041468018151222.jpg,420041468018151222.jpg,Soft Coral
C:\Users\Brandon\Desktop\Classes\E208\Homework\E208_Final\Automatic Data Cleaning\Cropped_Data_400\Soft Coral\420041468019141198.jpg,420041468019141198.jpg,Soft Coral
